CINTA,MESA,ARTICULO,MEDIDA USO,TEJIDO,REF TEJIDO,NUM COLOR,DOBLADILLO,REDONDO,ANCHO MESA,LARGO MESA,CAIDA ,MEDIDA DE CORTE,ENCOGIMIENTO,NOMBRE COLOR,PRECIO UNITARIO,CANTIDAD,TOTAL
,80*80*75,Mantel,230 * 230 PR,Saten Liso Nacional,19GCU,1,1.5,0,80,80,75,,1,,,5,
,80*80*25,Cubre,130 * 130,Fenicia,28YEB,1,1.5,0,80,80,25,,1,,,10,
,,Camino de mesa,40 * 120,Baroja,49MRV,1,1.5,0,40,120,0,,1,,,0,
,(/)180*75,Mantel,330 * 330,Saten Pes100,2TVR,2,1.5,336,180,180,75,,1,,,0,
,,Servilleta,50 * 50,Saten Liso Nacional,19GCU,1,2,0,50,50,0,,0,,,0,
,,Servilleta,50 * 50,Saten Liso Nacional,19GCU,58,2,0,50,50,0,,0,,,0,
,,Muleton,80 * 80,Muleton,24GRT,1,3,0,80,80,0,,1,,,0,
,,Lito,45 * 70,Saten Liso Nacional,19GCU,1,1.5,0,45,70,0,,1,,,0,
,,Individual,35 * 50,Saten Liso Nacional,19GCU,1,6,0,35,50,0,,0,,,0,
,,,,,,,,,,,,,,,,,
,,,,,,,,,,,,,,,,TOTAL,
,,,,,,,,,,,,,,,,,
,,,,,,,,,,,,,,,,,
,,,,,,,,,,,,,,,,,
,,,,,,,,,,,,,,,,,
,,,,,,,,,,,,,,,,,
,,,,,,,,,,,,,,,,,
,,,,,,,,,,,,,,,,,
,,,,,,,,,,,,,,,,,
,,,,,,,,,,,,,,,,,
,,,,,,,,,,,,,,,,,
,,,,,,,,,,,,,,,,,
,,,,,,,,,,,,,,,,,
,,,,,,,,,,,,,,,,,
,,,,,,,,,,,,,,,,,
,,,,,,,,,,,,,,,,,
,,,,,,,,,,,,,,,,,
,,,,,,,,,,,,,,,,,
,,,,,,,,,,,,,,,,,
,,,,,,,,,,,,,,,,,
,,,,,,,,,,,,,,,,,
,,,,,,,,,,,,,,,,,
,,,,,,,,,,,,,,,,,
,,,,,,,,,,,,,,,,,
,,,,,,,,,,,,,,,,,
,,,,,,,,,,,,,,,,,
,,,,,,,,,,,,,,,,,
,,,,,,,,,,,,,,,,,
,,,,,,,,,,,,,,,,,
,,,,,,,,,,,,,,,,,
,,,,,,,,,,,,,,,,,
,,,,,,,,,,,,,,,,,
,,,,,,,,,,,,,,,,,
,,,,,,,,,,,,,,,,,
,,,,,,,,,,,,,,,,,
,,,,,,,,,,,,,,,,,
,,,,,,,,,,,,,,,,,
,,,,,,,,,,,,,,,,,
,,,,,,,,,,,,,,,,,
,,,,,,,,,,,,,,,,TOTAL:,
